city,week_start,cases,weekly_case_rate_per_100k,total_with_at_least_one_vaccine_dose,percent_with_at_least_one_vaccine_dose,total_with_complete_vaccine_series,percent_with_complete_vaccine_series
Alsip,5/2/2021,27,140,8013,41.6,5866,30.4
Alsip,5/9/2021,21,109,8306,43.1,6451,33.5
Alsip,5/16/2021,19,99,8741,45.3,6777,35.2
Alsip,5/23/2021,7,36,9021,46.8,7026,36.4
Alsip,5/30/2021,NA,NA,9255,48,7189,37.3
Alsip,6/6/2021,7,36,9453,49,7417,38.5
Alsip,6/13/2021,NA,NA,9611,49.9,7653,39.7
Arlington Heights,5/2/2021,61,81,47831,63.7,36836,49
Arlington Heights,5/9/2021,48,64,49349,65.7,39001,51.9
Arlington Heights,5/16/2021,49,65,51370,68.4,41305,55
Arlington Heights,5/23/2021,29,39,52549,70,42439,56.5
Arlington Heights,5/30/2021,8,11,53400,71.1,43404,57.8
Arlington Heights,6/6/2021,8,11,54169,72.1,44623,59.4
Arlington Heights,6/13/2021,NA,NA,54725,72.9,45461,60.5
Barrington,5/2/2021,8,142,5428,96.4,4215,74.9
Barrington,5/9/2021,13,231,5623,99.9,4476,79.5
Barrington,5/16/2021,11,195,5857,104,4711,83.7
Barrington,5/23/2021,0,0,5956,105.8,4818,85.6
Barrington,5/30/2021,0,0,6069,107.8,4936,87.7
Barrington,6/6/2021,0,0,6139,109,5049,89.7
Barrington,6/13/2021,0,0,6189,109.9,5119,90.9
Barrington Hills,5/2/2021,0,0,NA,NA,NA,NA
Barrington Hills,5/9/2021,0,0,9,0.4,NA,NA
Barrington Hills,5/16/2021,0,0,9,0.4,6,0.3
Barrington Hills,5/23/2021,0,0,9,0.4,6,0.3
Barrington Hills,5/30/2021,0,0,9,0.4,6,0.3
Barrington Hills,6/6/2021,0,0,9,0.4,6,0.3
Barrington Hills,6/13/2021,0,0,9,0.4,6,0.3
Bartlett,5/2/2021,6,36,9290,55.3,7061,42
Bartlett,5/9/2021,8,48,9614,57.2,7483,44.5
Bartlett,5/16/2021,5,30,10019,59.6,7884,46.9
Bartlett,5/23/2021,8,48,10302,61.3,8112,48.3
Bartlett,5/30/2021,8,48,10567,62.9,8353,49.7
Bartlett,6/6/2021,NA,NA,10719,63.8,8576,51.1
Bartlett,6/13/2021,NA,NA,10862,64.7,8756,52.1
Bedford Park,5/2/2021,0,0,324,55.9,239,41.2
Bedford Park,5/9/2021,NA,NA,339,58.4,252,43.4
Bedford Park,5/16/2021,0,0,366,63.1,266,45.9
Bedford Park,5/23/2021,0,0,377,65,279,48.1
Bedford Park,5/30/2021,NA,NA,391,67.4,287,49.5
Bedford Park,6/6/2021,0,0,402,69.3,309,53.3
Bedford Park,6/13/2021,0,0,410,70.7,318,54.8
Bellwood,5/2/2021,27,142,7665,40.2,5640,29.6
Bellwood,5/9/2021,18,94,7955,41.7,6043,31.7
Bellwood,5/16/2021,24,126,8480,44.5,6392,33.5
Bellwood,5/23/2021,22,115,8797,46.1,6627,34.7
Bellwood,5/30/2021,7,37,9030,47.3,6837,35.9
Bellwood,6/6/2021,NA,NA,9248,48.5,7101,37.2
Bellwood,6/13/2021,0,0,9417,49.4,7355,38.6
Berkeley,5/2/2021,6,115,2645,50.8,2069,39.7
Berkeley,5/9/2021,5,96,2735,52.5,2187,42
Berkeley,5/16/2021,NA,NA,2872,55.1,2280,43.8
Berkeley,5/23/2021,NA,NA,2946,56.6,2349,45.1
Berkeley,5/30/2021,NA,NA,3001,57.6,2405,46.2
Berkeley,6/6/2021,0,0,3069,58.9,2481,47.6
Berkeley,6/13/2021,0,0,3110,59.7,2537,48.7
Berwyn,5/2/2021,62,109,26809,47.3,19110,33.7
Berwyn,5/9/2021,43,76,28244,49.9,20530,36.2
Berwyn,5/16/2021,30,53,29621,52.3,21764,38.4
Berwyn,5/23/2021,20,35,30612,54,22645,40
Berwyn,5/30/2021,20,35,31460,55.5,23578,41.6
Berwyn,6/6/2021,11,19,32170,56.8,24553,43.3
Berwyn,6/13/2021,6,11,32741,57.8,25154,44.4
Blue Island,5/2/2021,47,198,8548,36.1,5716,24.1
Blue Island,5/9/2021,29,122,8989,37.9,6292,26.5
Blue Island,5/16/2021,23,97,9546,40.3,6883,29
Blue Island,5/23/2021,11,46,9961,42,7205,30.4
Blue Island,5/30/2021,12,51,10307,43.5,7481,31.6
Blue Island,6/6/2021,6,25,10689,45.1,7804,32.9
Blue Island,6/13/2021,5,21,10935,46.1,8094,34.1
Bridgeview,5/2/2021,18,109,6080,37,4222,25.7
Bridgeview,5/9/2021,7,43,6340,38.6,4615,28.1
Bridgeview,5/16/2021,14,85,6721,40.9,5039,30.6
Bridgeview,5/23/2021,9,55,6939,42.2,5226,31.8
Bridgeview,5/30/2021,7,43,7127,43.3,5388,32.8
Bridgeview,6/6/2021,NA,NA,7305,44.4,5575,33.9
Bridgeview,6/13/2021,0,0,7447,45.3,5726,34.8
Broadview,5/2/2021,10,126,3434,43.3,2540,32
Broadview,5/9/2021,5,63,3582,45.2,2769,34.9
Broadview,5/16/2021,NA,NA,3753,47.3,2891,36.4
Broadview,5/23/2021,NA,NA,3865,48.7,2978,37.5
Broadview,5/30/2021,0,0,3944,49.7,3061,38.6
Broadview,6/6/2021,NA,NA,4035,50.9,3173,40
Broadview,6/13/2021,NA,NA,4102,51.7,3258,41.1
Brookfield,5/2/2021,9,47,10456,55.1,7939,41.8
Brookfield,5/9/2021,22,116,10809,57,8385,44.2
Brookfield,5/16/2021,12,63,11316,59.6,8997,47.4
Brookfield,5/23/2021,NA,NA,11595,61.1,9197,48.5
Brookfield,5/30/2021,6,32,11786,62.1,9416,49.6
Brookfield,6/6/2021,NA,NA,11949,63,9693,51.1
Brookfield,6/13/2021,NA,NA,12067,63.6,9909,52.2
Buffalo Grove,5/2/2021,18,132,7253,53.2,5623,41.2
Buffalo Grove,5/9/2021,6,44,7467,54.7,5907,43.3
Buffalo Grove,5/16/2021,5,37,7806,57.2,6261,45.9
Buffalo Grove,5/23/2021,7,51,7997,58.6,6467,47.4
Buffalo Grove,5/30/2021,NA,NA,8125,59.5,6611,48.5
Buffalo Grove,6/6/2021,NA,NA,8243,60.4,6799,49.8
Buffalo Grove,6/13/2021,NA,NA,8333,61.1,6931,50.8
Burnham,5/2/2021,8,190,961,22.8,719,17.1
Burnham,5/9/2021,NA,NA,987,23.5,745,17.7
Burnham,5/16/2021,0,0,1030,24.5,773,18.4
Burnham,5/23/2021,NA,NA,1053,25,785,18.7
Burnham,5/30/2021,NA,NA,1075,25.6,805,19.1
Burnham,6/6/2021,NA,NA,1094,26,829,19.7
Burnham,6/13/2021,0,0,1112,26.4,845,20.1
Burr Ridge,5/2/2021,NA,NA,2103,54.8,1745,45.4
Burr Ridge,5/9/2021,NA,NA,2157,56.2,1813,47.2
Burr Ridge,5/16/2021,NA,NA,2209,57.5,1874,48.8
Burr Ridge,5/23/2021,0,0,2249,58.6,1914,49.8
Burr Ridge,5/30/2021,0,0,2266,59,1954,50.9
Burr Ridge,6/6/2021,0,0,2288,59.6,1986,51.7
Burr Ridge,6/13/2021,0,0,2293,59.7,2025,52.7
Calumet City,5/2/2021,59,159,11027,29.8,8003,21.6
Calumet City,5/9/2021,39,105,11545,31.2,8579,23.2
Calumet City,5/16/2021,37,100,12047,32.5,9137,24.7
Calumet City,5/23/2021,35,94,12465,33.7,9487,25.6
Calumet City,5/30/2021,25,67,12834,34.6,9800,26.5
Calumet City,6/6/2021,11,30,13110,35.4,10097,27.3
Calumet City,6/13/2021,14,38,13353,36,10358,28
Calumet Park,5/2/2021,12,153,2626,33.5,1933,24.7
Calumet Park,5/9/2021,6,77,2753,35.1,2075,26.5
Calumet Park,5/16/2021,NA,NA,2894,36.9,2194,28
Calumet Park,5/23/2021,NA,NA,2976,38,2265,28.9
Calumet Park,5/30/2021,NA,NA,3064,39.1,2355,30.1
Calumet Park,6/6/2021,NA,NA,3142,40.1,2423,30.9
Calumet Park,6/13/2021,NA,NA,3214,41,2507,32
Chicago Heights,5/2/2021,52,172,9553,31.6,6751,22.3
Chicago Heights,5/9/2021,55,182,10001,33,7444,24.6
Chicago Heights,5/16/2021,30,99,10485,34.6,7917,26.1
Chicago Heights,5/23/2021,22,73,10952,36.2,8199,27.1
Chicago Heights,5/30/2021,12,40,11238,37.1,8482,28
Chicago Heights,6/6/2021,8,26,11583,38.3,8785,29
Chicago Heights,6/13/2021,6,20,11827,39.1,9023,29.8
Chicago Ridge,5/2/2021,19,133,4828,33.8,3389,23.7
Chicago Ridge,5/9/2021,10,70,5033,35.2,3721,26
Chicago Ridge,5/16/2021,14,98,5319,37.2,3990,27.9
Chicago Ridge,5/23/2021,10,70,5522,38.6,4154,29
Chicago Ridge,5/30/2021,NA,NA,5723,40,4282,29.9
Chicago Ridge,6/6/2021,NA,NA,5867,41,4471,31.3
Chicago Ridge,6/13/2021,NA,NA,5977,41.8,4623,32.3
Cicero,5/2/2021,84,100,35341,42.1,22291,26.6
Cicero,5/9/2021,51,61,37272,44.4,24201,28.8
Cicero,5/16/2021,58,69,39502,47.1,26127,31.1
Cicero,5/23/2021,43,51,41174,49.1,27541,32.8
Cicero,5/30/2021,14,17,42561,50.7,29297,34.9
Cicero,6/6/2021,10,12,44014,52.5,30848,36.8
Cicero,6/13/2021,9,11,44959,53.6,31887,38
Country Club Hills,5/2/2021,31,187,6146,37.2,4797,29
Country Club Hills,5/9/2021,24,145,6403,38.7,5132,31
Country Club Hills,5/16/2021,13,79,6670,40.3,5390,32.6
Country Club Hills,5/23/2021,9,54,6867,41.5,5530,33.4
Country Club Hills,5/30/2021,12,73,7017,42.4,5697,34.4
Country Club Hills,6/6/2021,10,60,7176,43.4,5853,35.4
Country Club Hills,6/13/2021,NA,NA,7310,44.2,5985,36.2
Countryside,5/2/2021,7,119,3095,52.5,2330,39.5
Countryside,5/9/2021,5,85,3201,54.3,2478,42
Countryside,5/16/2021,NA,NA,3328,56.5,2620,44.4
Countryside,5/23/2021,NA,NA,3467,58.8,2718,46.1
Countryside,5/30/2021,NA,NA,3565,60.5,2784,47.2
Countryside,6/6/2021,0,0,3642,61.8,2871,48.7
Countryside,6/13/2021,0,0,3688,62.6,2977,50.5
Crestwood,5/2/2021,8,73,4905,44.8,3790,34.6
Crestwood,5/9/2021,15,137,5029,45.9,4025,36.8
Crestwood,5/16/2021,7,64,5216,47.6,4221,38.5
Crestwood,5/23/2021,NA,NA,5337,48.7,4345,39.7
Crestwood,5/30/2021,5,46,5427,49.6,4420,40.4
Crestwood,6/6/2021,NA,NA,5543,50.6,4535,41.4
Crestwood,6/13/2021,NA,NA,5626,51.4,4631,42.3
Des Plaines,5/2/2021,101,173,45916,78.7,33972,58.2
Des Plaines,5/9/2021,60,103,47606,81.6,36290,62.2
Des Plaines,5/16/2021,58,99,49639,85.1,38948,66.7
Des Plaines,5/23/2021,36,62,51266,87.8,40658,69.7
Des Plaines,5/30/2021,18,31,52397,89.8,41860,71.7
Des Plaines,6/6/2021,13,22,53333,91.4,43091,73.8
Des Plaines,6/13/2021,8,14,54164,92.8,44184,75.7
Dixmoor,5/2/2021,NA,NA,447,12.3,316,8.7
Dixmoor,5/9/2021,NA,NA,480,13.2,352,9.7
Dixmoor,5/16/2021,8,220,502,13.8,370,10.2
Dixmoor,5/23/2021,0,0,525,14.4,387,10.6
Dixmoor,5/30/2021,0,0,547,15,406,11.1
Dixmoor,6/6/2021,NA,NA,563,15.5,425,11.7
Dixmoor,6/13/2021,NA,NA,574,15.8,440,12.1
Dolton,5/2/2021,46,199,6775,29.3,5043,21.8
Dolton,5/9/2021,40,173,7075,30.6,5409,23.4
Dolton,5/16/2021,24,104,7417,32,5773,24.9
Dolton,5/23/2021,24,104,7669,33.1,5974,25.8
Dolton,5/30/2021,9,39,7889,34.1,6152,26.6
Dolton,6/6/2021,NA,NA,8067,34.8,6354,27.4
Dolton,6/13/2021,5,22,8252,35.6,6517,28.1
East Hazel Crest,5/2/2021,NA,NA,464,30.1,362,23.5
East Hazel Crest,5/9/2021,0,0,479,31,390,25.3
East Hazel Crest,5/16/2021,0,0,492,31.9,413,26.8
East Hazel Crest,5/23/2021,0,0,505,32.7,427,27.7
East Hazel Crest,5/30/2021,0,0,530,34.3,436,28.3
East Hazel Crest,6/6/2021,0,0,537,34.8,441,28.6
East Hazel Crest,6/13/2021,0,0,548,35.5,452,29.3
Elgin,5/2/2021,40,166,11359,47.3,7748,32.2
Elgin,5/9/2021,17,71,11914,49.6,8707,36.2
Elgin,5/16/2021,21,87,12508,52,9351,38.9
Elgin,5/23/2021,13,54,12887,53.6,9632,40.1
Elgin,5/30/2021,9,37,13328,55.5,10060,41.9
Elgin,6/6/2021,6,25,13624,56.7,10384,43.2
Elgin,6/13/2021,0,0,13898,57.8,10631,44.2
Elk Grove Village,5/2/2021,34,103,19037,57.5,15400,46.5
Elk Grove Village,5/9/2021,27,82,19513,58.9,15952,48.2
Elk Grove Village,5/16/2021,19,57,20186,60.9,16598,50.1
Elk Grove Village,5/23/2021,14,42,20601,62.2,16954,51.2
Elk Grove Village,5/30/2021,9,27,20977,63.3,17291,52.2
Elk Grove Village,6/6/2021,NA,NA,21225,64.1,17691,53.4
Elk Grove Village,6/13/2021,0,0,21437,64.7,17987,54.3
Elmwood Park,5/2/2021,35,141,10816,43.5,8146,32.7
Elmwood Park,5/9/2021,21,84,11231,45.1,8703,35
Elmwood Park,5/16/2021,18,72,11677,46.9,9171,36.9
Elmwood Park,5/23/2021,16,64,12016,48.3,9490,38.1
Elmwood Park,5/30/2021,7,28,12290,49.4,9798,39.4
Elmwood Park,6/6/2021,NA,NA,12523,50.3,10065,40.4
Elmwood Park,6/13/2021,5,20,12733,51.2,10294,41.4
Evergreen Park,5/2/2021,14,71,9085,45.8,7054,35.5
Evergreen Park,5/9/2021,18,91,9449,47.6,7492,37.7
Evergreen Park,5/16/2021,10,50,9908,49.9,7868,39.6
Evergreen Park,5/23/2021,7,35,10202,51.4,8070,40.7
Evergreen Park,5/30/2021,NA,NA,10461,52.7,8280,41.7
Evergreen Park,6/6/2021,NA,NA,10670,53.7,8584,43.2
Evergreen Park,6/13/2021,NA,NA,10830,54.6,8799,44.3
Flossmoor,5/2/2021,13,137,5462,57.7,4500,47.5
Flossmoor,5/9/2021,5,53,5733,60.6,4692,49.6
Flossmoor,5/16/2021,6,63,5896,62.3,4790,50.6
Flossmoor,5/23/2021,NA,NA,5997,63.4,4869,51.4
Flossmoor,5/30/2021,NA,NA,6127,64.7,5018,53
Flossmoor,6/6/2021,NA,NA,6255,66.1,5143,54.3
Flossmoor,6/13/2021,0,0,6293,66.5,5227,55.2
Ford Heights,5/2/2021,5,181,412,14.9,240,8.7
Ford Heights,5/9/2021,0,0,434,15.7,270,9.8
Ford Heights,5/16/2021,NA,NA,449,16.3,298,10.8
Ford Heights,5/23/2021,0,0,472,17.1,329,11.9
Ford Heights,5/30/2021,0,0,490,17.7,341,12.3
Ford Heights,6/6/2021,NA,NA,502,18.2,356,12.9
Ford Heights,6/13/2021,0,0,515,18.6,368,13.3
Forest Park,5/2/2021,11,78,7922,55.9,6197,43.7
Forest Park,5/9/2021,6,42,8158,57.6,6488,45.8
Forest Park,5/16/2021,12,85,8441,59.6,6729,47.5
Forest Park,5/23/2021,NA,NA,8585,60.6,6870,48.5
Forest Park,5/30/2021,NA,NA,8725,61.6,7019,49.5
Forest Park,6/6/2021,NA,NA,8848,62.5,7172,50.6
Forest Park,6/13/2021,0,0,8939,63.1,7278,51.4
Franklin Park,5/2/2021,22,120,8288,45.2,5977,32.6
Franklin Park,5/9/2021,24,131,8762,47.8,6440,35.1
Franklin Park,5/16/2021,12,65,9250,50.5,6867,37.5
Franklin Park,5/23/2021,NA,NA,9588,52.3,7199,39.3
Franklin Park,5/30/2021,NA,NA,9819,53.6,7558,41.2
Franklin Park,6/6/2021,NA,NA,10068,54.9,7808,42.6
Franklin Park,6/13/2021,0,0,10236,55.8,7984,43.5
Glencoe,5/2/2021,NA,NA,5329,61.1,4360,50
Glencoe,5/9/2021,7,80,5569,63.8,4485,51.4
Glencoe,5/16/2021,0,0,5804,66.5,4595,52.7
Glencoe,5/23/2021,NA,NA,5865,67.2,4666,53.5
Glencoe,5/30/2021,NA,NA,5949,68.2,4810,55.1
Glencoe,6/6/2021,NA,NA,6025,69.1,5008,57.4
Glencoe,6/13/2021,NA,NA,6057,69.4,5046,57.8
Glenview,5/2/2021,29,65,33195,74.3,26395,59.1
Glenview,5/9/2021,35,78,34640,77.5,27794,62.2
Glenview,5/16/2021,20,45,36254,81.1,28839,64.5
Glenview,5/23/2021,18,40,36814,82.4,29608,66.2
Glenview,5/30/2021,7,16,37336,83.5,30568,68.4
Glenview,6/6/2021,NA,NA,37922,84.9,31677,70.9
Glenview,6/13/2021,NA,NA,38258,85.6,32071,71.8
Glenwood,5/2/2021,9,100,3521,39.3,2804,31.3
Glenwood,5/9/2021,22,245,3657,40.8,2960,33
Glenwood,5/16/2021,16,178,3815,42.5,3078,34.3
Glenwood,5/23/2021,5,56,3924,43.8,3147,35.1
Glenwood,5/30/2021,NA,NA,4017,44.8,3231,36
Glenwood,6/6/2021,NA,NA,4100,45.7,3334,37.2
Glenwood,6/13/2021,NA,NA,4149,46.3,3402,37.9
Golf,5/2/2021,0,0,238,47.6,186,37.2
Golf,5/9/2021,0,0,254,50.8,198,39.6
Golf,5/16/2021,0,0,267,53.4,NA,NA
Golf,5/23/2021,0,0,277,55.4,207,41.4
Golf,5/30/2021,0,0,282,56.4,218,43.6
Golf,6/6/2021,0,0,288,57.6,231,46.2
Golf,6/13/2021,0,0,288,57.6,239,47.8
Hanover Park,5/2/2021,19,92,8922,43.2,5352,25.9
Hanover Park,5/9/2021,26,126,9333,45.2,6090,29.5
Hanover Park,5/16/2021,9,44,9998,48.4,6801,33
Hanover Park,5/23/2021,5,24,10402,50.4,7145,34.6
Hanover Park,5/30/2021,NA,NA,10814,52.4,7464,36.2
Hanover Park,6/6/2021,NA,NA,11186,54.2,7836,38
Hanover Park,6/13/2021,NA,NA,11426,55.4,8118,39.3
Harvey,5/2/2021,34,134,5784,22.9,3949,15.6
Harvey,5/9/2021,44,174,6143,24.3,4355,17.2
Harvey,5/16/2021,40,158,6500,25.7,4687,18.5
Harvey,5/23/2021,18,71,6877,27.2,4880,19.3
Harvey,5/30/2021,12,47,7133,28.2,5099,20.2
Harvey,6/6/2021,10,40,7393,29.2,5322,21.1
Harvey,6/13/2021,8,32,7607,30.1,5571,22
Harwood Heights,5/2/2021,13,151,3480,40.4,2559,29.7
Harwood Heights,5/9/2021,12,139,3618,42,2755,32
Harwood Heights,5/16/2021,11,128,3782,43.9,2949,34.2
Harwood Heights,5/23/2021,10,116,3912,45.4,3066,35.6
Harwood Heights,5/30/2021,NA,NA,3996,46.4,3159,36.7
Harwood Heights,6/6/2021,5,58,4084,47.4,3273,38
Harwood Heights,6/13/2021,0,0,4151,48.2,3375,39.2
Hazel Crest,5/2/2021,11,78,4772,33.8,3659,26
Hazel Crest,5/9/2021,9,64,4980,35.3,3912,27.7
Hazel Crest,5/16/2021,11,78,5177,36.7,4115,29.2
Hazel Crest,5/23/2021,6,43,5314,37.7,4238,30.1
Hazel Crest,5/30/2021,9,64,5503,39,4350,30.9
Hazel Crest,6/6/2021,6,43,5660,40.1,4467,31.7
Hazel Crest,6/13/2021,NA,NA,5756,40.8,4577,32.5
Hickory Hills,5/2/2021,20,142,5543,39.5,4100,29.2
Hickory Hills,5/9/2021,14,100,5739,40.8,4402,31.3
Hickory Hills,5/16/2021,25,178,5988,42.6,4675,33.3
Hickory Hills,5/23/2021,14,100,6158,43.8,4879,34.7
Hickory Hills,5/30/2021,15,107,6325,45,4976,35.4
Hickory Hills,6/6/2021,0,0,6442,45.9,5134,36.5
Hickory Hills,6/13/2021,NA,NA,6550,46.6,5221,37.2
Hillside,5/2/2021,14,172,3844,47.1,3011,36.9
Hillside,5/9/2021,11,135,3976,48.7,3164,38.8
Hillside,5/16/2021,NA,NA,4229,51.8,3308,40.6
Hillside,5/23/2021,6,74,4357,53.4,3429,42
Hillside,5/30/2021,NA,NA,4445,54.5,3539,43.4
Hillside,6/6/2021,NA,NA,4559,55.9,3646,44.7
Hillside,6/13/2021,NA,NA,4636,56.8,3733,45.8
Hinsdale,5/2/2021,NA,NA,1193,53.6,923,41.4
Hinsdale,5/9/2021,0,0,1229,55.2,970,43.6
Hinsdale,5/16/2021,NA,NA,1324,59.5,1010,45.4
Hinsdale,5/23/2021,NA,NA,1343,60.3,1032,46.3
Hinsdale,5/30/2021,0,0,1365,61.3,1060,47.6
Hinsdale,6/6/2021,0,0,1397,62.7,1103,49.5
Hinsdale,6/13/2021,NA,NA,1415,63.5,1118,50.2
Hodgkins,5/2/2021,NA,NA,689,36.3,498,26.3
Hodgkins,5/9/2021,0,0,729,38.4,539,28.4
Hodgkins,5/16/2021,NA,NA,760,40.1,584,30.8
Hodgkins,5/23/2021,0,0,803,42.3,608,32.1
Hodgkins,5/30/2021,0,0,828,43.6,627,33.1
Hodgkins,6/6/2021,NA,NA,848,44.7,649,34.2
Hodgkins,6/13/2021,0,0,859,45.3,683,36
Hoffman Estates,5/2/2021,49,94,28863,55.6,21223,40.9
Hoffman Estates,5/9/2021,28,54,29844,57.5,22807,43.9
Hoffman Estates,5/16/2021,20,39,31326,60.4,24521,47.3
Hoffman Estates,5/23/2021,13,25,32141,61.9,25222,48.6
Hoffman Estates,5/30/2021,7,13,33088,63.8,25885,49.9
Hoffman Estates,6/6/2021,8,15,33656,64.9,26690,51.4
Hoffman Estates,6/13/2021,NA,NA,34061,65.6,27225,52.5
Hometown,5/2/2021,NA,NA,1844,42.4,1380,31.7
Hometown,5/9/2021,5,115,1916,44.1,1503,34.6
Hometown,5/16/2021,NA,NA,1987,45.7,1602,36.8
Hometown,5/23/2021,0,0,2050,47.1,1630,37.5
Hometown,5/30/2021,NA,NA,2101,48.3,1677,38.6
Hometown,6/6/2021,NA,NA,2135,49.1,1722,39.6
Hometown,6/13/2021,0,0,2173,50,1768,40.7
Homewood,5/2/2021,25,129,9987,51.7,8012,41.5
Homewood,5/9/2021,13,67,10396,53.8,8500,44
Homewood,5/16/2021,14,72,10729,55.5,8817,45.6
Homewood,5/23/2021,NA,NA,10959,56.7,8984,46.5
Homewood,5/30/2021,6,31,11205,58,9238,47.8
Homewood,6/6/2021,6,31,11501,59.5,9446,48.9
Homewood,6/13/2021,5,26,11619,60.1,9626,49.8
Indian Head Park,5/2/2021,8,210,2307,60.6,1947,51.1
Indian Head Park,5/9/2021,NA,NA,2372,62.3,2013,52.8
Indian Head Park,5/16/2021,0,0,2433,63.9,2059,54.1
Indian Head Park,5/23/2021,0,0,2485,65.2,2099,55.1
Indian Head Park,5/30/2021,0,0,2513,66,2136,56.1
Indian Head Park,6/6/2021,NA,NA,2542,66.7,2167,56.9
Indian Head Park,6/13/2021,0,0,2561,67.2,2208,58
Inverness,5/2/2021,5,68,4568,61.7,3639,49.2
Inverness,5/9/2021,0,0,4688,63.4,3830,51.8
Inverness,5/16/2021,NA,NA,4885,66,3983,53.8
Inverness,5/23/2021,NA,NA,4987,67.4,4076,55.1
Inverness,5/30/2021,NA,NA,5065,68.5,4149,56.1
Inverness,6/6/2021,0,0,5122,69.2,4240,57.3
Inverness,6/13/2021,0,0,5177,70,4307,58.2
Justice,5/2/2021,23,178,4091,31.6,2757,21.3
Justice,5/9/2021,14,108,4247,32.9,3040,23.5
Justice,5/16/2021,12,93,4501,34.8,3343,25.9
Justice,5/23/2021,9,70,4694,36.3,3478,26.9
Justice,5/30/2021,9,70,4854,37.6,3602,27.9
Justice,6/6/2021,NA,NA,4992,38.6,3714,28.7
Justice,6/13/2021,NA,NA,5094,39.4,3852,29.8
Kenilworth,5/2/2021,NA,NA,1451,57.7,1121,44.6
Kenilworth,5/9/2021,0,0,1545,61.5,1176,46.8
Kenilworth,5/16/2021,0,0,1600,63.7,1217,48.4
Kenilworth,5/23/2021,NA,NA,1629,64.8,1237,49.2
Kenilworth,5/30/2021,0,0,1671,66.5,1294,51.5
Kenilworth,6/6/2021,NA,NA,1700,67.6,1332,53
Kenilworth,6/13/2021,0,0,1714,68.2,1347,53.6
La Grange,5/2/2021,18,116,12085,77.7,9508,61.1
La Grange,5/9/2021,10,64,12459,80.1,10022,64.5
La Grange,5/16/2021,13,84,13011,83.7,10397,66.9
La Grange,5/23/2021,7,45,13389,86.1,10659,68.5
La Grange,5/30/2021,NA,NA,13560,87.2,10906,70.1
La Grange,6/6/2021,NA,NA,13738,88.3,11186,71.9
La Grange,6/13/2021,NA,NA,13871,89.2,11475,73.8
La Grange Park,5/2/2021,18,133,7905,58.2,6426,47.3
La Grange Park,5/9/2021,9,66,8118,59.8,6736,49.6
La Grange Park,5/16/2021,5,37,8531,62.8,6979,51.4
La Grange Park,5/23/2021,NA,NA,8744,64.4,7107,52.3
La Grange Park,5/30/2021,NA,NA,8875,65.4,7246,53.4
La Grange Park,6/6/2021,0,0,8983,66.2,7436,54.8
La Grange Park,6/13/2021,0,0,9065,66.8,7581,55.8
Lansing,5/2/2021,43,152,10185,36,7654,27
Lansing,5/9/2021,27,95,10690,37.7,8119,28.7
Lansing,5/16/2021,33,116,11087,39.1,8488,30
Lansing,5/23/2021,13,46,11396,40.2,8773,31
Lansing,5/30/2021,17,60,11684,41.2,9106,32.1
Lansing,6/6/2021,NA,NA,11894,42,9348,33
Lansing,6/13/2021,NA,NA,12053,42.5,9533,33.6
Lemont,5/2/2021,32,200,7502,46.9,5999,37.5
Lemont,5/9/2021,17,106,7716,48.3,6318,39.5
Lemont,5/16/2021,22,138,8026,50.2,6602,41.3
Lemont,5/23/2021,18,113,8163,51.1,6729,42.1
Lemont,5/30/2021,8,50,8321,52,6855,42.9
Lemont,6/6/2021,NA,NA,8445,52.8,7007,43.8
Lemont,6/13/2021,0,0,8520,53.3,7098,44.4
Lincolnwood,5/2/2021,17,135,7702,61.2,6113,48.6
Lincolnwood,5/9/2021,15,119,7941,63.1,6371,50.6
Lincolnwood,5/16/2021,13,103,8241,65.5,6674,53
Lincolnwood,5/23/2021,21,167,8491,67.4,6819,54.2
Lincolnwood,5/30/2021,8,64,8623,68.5,6985,55.5
Lincolnwood,6/6/2021,0,0,8739,69.4,7189,57.1
Lincolnwood,6/13/2021,NA,NA,8822,70.1,7392,58.7
Lynwood,5/2/2021,17,189,3297,36.6,2606,28.9
Lynwood,5/9/2021,10,111,3440,38.2,2743,30.5
Lynwood,5/16/2021,17,189,3579,39.7,2859,31.7
Lynwood,5/23/2021,10,111,3645,40.5,2942,32.7
Lynwood,5/30/2021,6,67,3729,41.4,3020,33.5
Lynwood,6/6/2021,8,89,3798,42.2,3115,34.6
Lynwood,6/13/2021,5,56,3855,42.8,3174,35.2
Lyons,5/2/2021,7,65,4331,40.4,3142,29.3
Lyons,5/9/2021,8,75,4526,42.2,3393,31.6
Lyons,5/16/2021,5,47,4792,44.7,3639,33.9
Lyons,5/23/2021,12,112,4984,46.5,3777,35.2
Lyons,5/30/2021,7,65,5113,47.7,3910,36.4
Lyons,6/6/2021,NA,NA,5241,48.8,4081,38
Lyons,6/13/2021,0,0,5338,49.8,4207,39.2
Markham,5/2/2021,13,104,3423,27.4,2419,19.3
Markham,5/9/2021,18,144,3613,28.9,2627,21
Markham,5/16/2021,27,216,3838,30.7,2816,22.5
Markham,5/23/2021,9,72,3969,31.7,2907,23.2
Markham,5/30/2021,5,40,4119,32.9,3022,24.2
Markham,6/6/2021,NA,NA,4249,34,3125,25
Markham,6/13/2021,NA,NA,4337,34.7,3217,25.7
Matteson,5/2/2021,34,179,8818,46.4,6930,36.5
Matteson,5/9/2021,29,153,9169,48.2,7409,39
Matteson,5/16/2021,19,100,9528,50.1,7705,40.5
Matteson,5/23/2021,13,68,9743,51.3,7897,41.5
Matteson,5/30/2021,6,32,9974,52.5,8100,42.6
Matteson,6/6/2021,6,32,10217,53.7,8363,44
Matteson,6/13/2021,NA,NA,10381,54.6,8534,44.9
Maywood,5/2/2021,29,120,8278,34.4,5738,23.8
Maywood,5/9/2021,25,104,8703,36.1,6202,25.7
Maywood,5/16/2021,16,66,9246,38.4,6613,27.5
Maywood,5/23/2021,9,37,9580,39.8,6894,28.6
Maywood,5/30/2021,6,25,9892,41.1,7157,29.7
Maywood,6/6/2021,6,25,10207,42.4,7514,31.2
Maywood,6/13/2021,NA,NA,10442,43.3,7710,32
McCook,5/2/2021,NA,NA,NA,NA,79,34.6
McCook,5/9/2021,0,0,NA,NA,96,42.1
McCook,5/16/2021,0,0,NA,NA,102,44.7
McCook,5/23/2021,0,0,NA,NA,102,44.7
McCook,5/30/2021,0,0,NA,NA,NA,NA
McCook,6/6/2021,0,0,NA,NA,NA,NA
McCook,6/13/2021,0,0,135,59.2,NA,NA
Melrose Park,5/2/2021,40,157,14676,57.8,10119,39.8
Melrose Park,5/9/2021,23,91,15438,60.8,10957,43.1
Melrose Park,5/16/2021,24,94,16409,64.6,11823,46.5
Melrose Park,5/23/2021,12,47,17037,67,12448,49
Melrose Park,5/30/2021,9,35,17532,69,12954,51
Melrose Park,6/6/2021,6,24,18068,71.1,13523,53.2
Melrose Park,6/13/2021,NA,NA,18386,72.4,13914,54.8
Merrionette Park,5/2/2021,0,0,733,38.6,537,28.3
Merrionette Park,5/9/2021,NA,NA,769,40.5,599,31.5
Merrionette Park,5/16/2021,0,0,805,42.4,635,33.4
Merrionette Park,5/23/2021,NA,NA,831,43.7,659,34.7
Merrionette Park,5/30/2021,NA,NA,860,45.3,678,35.7
Merrionette Park,6/6/2021,NA,NA,872,45.9,698,36.7
Merrionette Park,6/13/2021,0,0,884,46.5,717,37.7
Midlothian,5/2/2021,31,209,5639,38.1,4143,28
Midlothian,5/9/2021,20,135,5938,40.1,4540,30.6
Midlothian,5/16/2021,12,81,6261,42.2,4806,32.4
Midlothian,5/23/2021,8,54,6435,43.4,4954,33.4
Midlothian,5/30/2021,5,34,6627,44.7,5132,34.6
Midlothian,6/6/2021,6,40,6798,45.9,5297,35.7
Midlothian,6/13/2021,0,0,6911,46.6,5451,36.8
Morton Grove,5/2/2021,25,107,15034,64.6,11935,51.3
Morton Grove,5/9/2021,21,90,15478,66.5,12428,53.4
Morton Grove,5/16/2021,16,69,16018,68.8,13045,56.1
Morton Grove,5/23/2021,6,26,16415,70.5,13401,57.6
Morton Grove,5/30/2021,8,34,16671,71.6,13691,58.8
Morton Grove,6/6/2021,NA,NA,16934,72.8,14054,60.4
Morton Grove,6/13/2021,NA,NA,17091,73.4,14278,61.4
Mount Prospect,5/2/2021,60,111,29542,54.5,22146,40.9
Mount Prospect,5/9/2021,47,87,30657,56.6,23639,43.6
Mount Prospect,5/16/2021,38,70,32027,59.1,25231,46.6
Mount Prospect,5/23/2021,20,37,32933,60.8,26118,48.2
Mount Prospect,5/30/2021,10,18,33599,62,26843,49.6
Mount Prospect,6/6/2021,NA,NA,34266,63.3,27684,51.1
Mount Prospect,6/13/2021,NA,NA,34714,64.1,28352,52.3
Niles,5/2/2021,28,94,16403,55,12673,42.5
Niles,5/9/2021,32,107,16856,56.6,13329,44.7
Niles,5/16/2021,30,101,17609,59.1,14096,47.3
Niles,5/23/2021,20,67,18139,60.9,14581,48.9
Niles,5/30/2021,NA,NA,18470,62,14919,50.1
Niles,6/6/2021,NA,NA,18752,62.9,15390,51.6
Niles,6/13/2021,NA,NA,19034,63.9,15740,52.8
Norridge,5/2/2021,29,199,6886,47.3,5280,36.2
Norridge,5/9/2021,17,117,7094,48.7,5598,38.4
Norridge,5/16/2021,14,96,7394,50.7,5983,41.1
Norridge,5/23/2021,8,55,7611,52.2,6164,42.3
Norridge,5/30/2021,6,41,7760,53.3,6320,43.4
Norridge,6/6/2021,NA,NA,7880,54.1,6485,44.5
Norridge,6/13/2021,0,0,7978,54.7,6638,45.6
North Riverside,5/2/2021,9,135,2447,36.7,1924,28.8
North Riverside,5/9/2021,9,135,2494,37.4,2003,30
North Riverside,5/16/2021,10,150,2604,39,2069,31
North Riverside,5/23/2021,NA,NA,2654,39.8,2110,31.6
North Riverside,5/30/2021,NA,NA,2693,40.4,2149,32.2
North Riverside,6/6/2021,NA,NA,2737,41,2223,33.3
North Riverside,6/13/2021,0,0,2775,41.6,2259,33.9
Northbrook,5/2/2021,33,99,27675,83.4,22755,68.6
Northbrook,5/9/2021,19,57,28717,86.6,23542,71
Northbrook,5/16/2021,20,60,29964,90.3,24187,72.9
Northbrook,5/23/2021,11,33,30298,91.3,24588,74.1
Northbrook,5/30/2021,6,18,30630,92.3,25297,76.3
Northbrook,6/6/2021,5,15,30976,93.4,26097,78.7
Northbrook,6/13/2021,NA,NA,31157,93.9,26328,79.4
Northfield,5/2/2021,NA,NA,3842,70.9,2957,54.6
Northfield,5/9/2021,NA,NA,4029,74.3,3113,57.4
Northfield,5/16/2021,NA,NA,4203,77.5,3281,60.5
Northfield,5/23/2021,NA,NA,4293,79.2,3371,62.2
Northfield,5/30/2021,0,0,4367,80.6,3466,63.9
Northfield,6/6/2021,0,0,4435,81.8,3575,66
Northfield,6/13/2021,0,0,4471,82.5,3615,66.7
Northlake,5/2/2021,9,73,6377,51.7,4566,37.1
Northlake,5/9/2021,11,89,6721,54.5,4925,40
Northlake,5/16/2021,6,49,7078,57.4,5261,42.7
Northlake,5/23/2021,6,49,7326,59.4,5564,45.2
Northlake,5/30/2021,5,41,7506,60.9,5829,47.3
Northlake,6/6/2021,6,49,7685,62.4,6038,49
Northlake,6/13/2021,NA,NA,7810,63.4,6170,50.1
Oak Forest,5/2/2021,38,136,12261,43.8,9365,33.5
Oak Forest,5/9/2021,31,111,12811,45.8,10143,36.3
Oak Forest,5/16/2021,17,61,13369,47.8,10703,38.3
Oak Forest,5/23/2021,18,64,13713,49,10988,39.3
Oak Forest,5/30/2021,NA,NA,14072,50.3,11336,40.5
Oak Forest,6/6/2021,NA,NA,14316,51.2,11629,41.6
Oak Forest,6/13/2021,NA,NA,14512,51.9,11877,42.5
Oak Lawn,5/2/2021,51,90,26298,46.4,20237,35.7
Oak Lawn,5/9/2021,45,79,27278,48.1,21618,38.1
Oak Lawn,5/16/2021,45,79,28511,50.3,22710,40.1
Oak Lawn,5/23/2021,33,58,29285,51.7,23322,41.1
Oak Lawn,5/30/2021,13,23,29937,52.8,23985,42.3
Oak Lawn,6/6/2021,7,12,30487,53.8,24747,43.7
Oak Lawn,6/13/2021,NA,NA,30920,54.5,25304,44.6
Olympia Fields,5/2/2021,6,120,2771,55.6,2247,45
Olympia Fields,5/9/2021,5,100,2842,57,2345,47
Olympia Fields,5/16/2021,NA,NA,2935,58.8,2418,48.5
Olympia Fields,5/23/2021,NA,NA,2982,59.8,2456,49.2
Olympia Fields,5/30/2021,NA,NA,3035,60.8,2507,50.3
Olympia Fields,6/6/2021,NA,NA,3085,61.8,2560,51.3
Olympia Fields,6/13/2021,NA,NA,3106,62.3,2591,51.9
Orland Hills,5/2/2021,6,84,3109,43.5,2432,34
Orland Hills,5/9/2021,NA,NA,3194,44.7,2566,35.9
Orland Hills,5/16/2021,10,140,3343,46.8,2691,37.6
Orland Hills,5/23/2021,7,98,3436,48.1,2745,38.4
Orland Hills,5/30/2021,NA,NA,3528,49.3,2802,39.2
Orland Hills,6/6/2021,0,0,3584,50.1,2865,40.1
Orland Hills,6/13/2021,NA,NA,3628,50.7,2937,41.1
Orland Park,5/2/2021,79,140,34097,60.3,27921,49.3
Orland Park,5/9/2021,50,88,34917,61.7,29222,51.6
Orland Park,5/16/2021,35,62,36108,63.8,30223,53.4
Orland Park,5/23/2021,29,51,36814,65.1,30784,54.4
Orland Park,5/30/2021,19,34,37395,66.1,31284,55.3
Orland Park,6/6/2021,8,14,37932,67,31899,56.4
Orland Park,6/13/2021,7,12,38304,67.7,32424,57.3
Palatine,5/2/2021,75,109,38924,56.8,28841,42.1
Palatine,5/9/2021,64,93,40170,58.6,30757,44.9
Palatine,5/16/2021,36,53,42600,62.1,32751,47.8
Palatine,5/23/2021,17,25,43728,63.8,34056,49.7
Palatine,5/30/2021,16,23,44619,65.1,34927,50.9
Palatine,6/6/2021,14,20,45417,66.2,36209,52.8
Palatine,6/13/2021,10,15,46007,67.1,37052,54
Palos Heights,5/2/2021,16,128,8109,64.8,6792,54.3
Palos Heights,5/9/2021,9,72,8263,66,7113,56.8
Palos Heights,5/16/2021,7,56,8480,67.8,7292,58.3
Palos Heights,5/23/2021,0,0,8600,68.7,7404,59.2
Palos Heights,5/30/2021,NA,NA,8702,69.5,7494,59.9
Palos Heights,6/6/2021,NA,NA,8789,70.2,7617,60.9
Palos Heights,6/13/2021,0,0,8842,70.7,7710,61.6
Palos Hills,5/2/2021,20,114,7143,40.9,5328,30.5
Palos Hills,5/9/2021,19,109,7366,42.1,5748,32.9
Palos Hills,5/16/2021,13,74,7700,44,6077,34.8
Palos Hills,5/23/2021,11,63,7907,45.2,6284,35.9
Palos Hills,5/30/2021,10,57,8095,46.3,6398,36.6
Palos Hills,6/6/2021,6,34,8246,47.2,6601,37.8
Palos Hills,6/13/2021,NA,NA,8360,47.8,6716,38.4
Palos Park,5/2/2021,9,186,5476,113,4552,93.9
Palos Park,5/9/2021,8,165,5599,115.5,4760,98.2
Palos Park,5/16/2021,17,351,5767,119,4902,101.1
Palos Park,5/23/2021,NA,NA,5846,120.6,4988,102.9
Palos Park,5/30/2021,NA,NA,5928,122.3,5070,104.6
Palos Park,6/6/2021,NA,NA,6001,123.8,5152,106.3
Palos Park,6/13/2021,NA,NA,6045,124.7,5205,107.4
Park Forest,5/2/2021,34,182,7173,38.4,5340,28.6
Park Forest,5/9/2021,22,118,7446,39.9,5778,30.9
Park Forest,5/16/2021,15,80,7763,41.6,6065,32.5
Park Forest,5/23/2021,10,54,7980,42.7,6245,33.4
Park Forest,5/30/2021,8,43,8167,43.7,6424,34.4
Park Forest,6/6/2021,6,32,8369,44.8,6637,35.5
Park Forest,6/13/2021,NA,NA,8516,45.6,6773,36.3
Park Ridge,5/2/2021,42,112,22659,60.5,18275,48.8
Park Ridge,5/9/2021,25,67,23537,62.8,19176,51.2
Park Ridge,5/16/2021,23,61,24364,65,19931,53.2
Park Ridge,5/23/2021,16,43,25125,67,20370,54.3
Park Ridge,5/30/2021,11,29,25492,68,20966,55.9
Park Ridge,6/6/2021,NA,NA,25762,68.7,21535,57.5
Park Ridge,6/13/2021,NA,NA,25993,69.4,22099,59
Phoenix,5/2/2021,NA,NA,517,26.3,399,20.3
Phoenix,5/9/2021,NA,NA,543,27.6,419,21.3
Phoenix,5/16/2021,0,0,572,29.1,440,22.4
Phoenix,5/23/2021,NA,NA,595,30.3,456,23.2
Phoenix,5/30/2021,0,0,626,31.9,465,23.7
Phoenix,6/6/2021,NA,NA,647,32.9,478,24.3
Phoenix,6/13/2021,0,0,661,33.7,489,24.9
Posen,5/2/2021,9,150,2074,34.6,1380,23
Posen,5/9/2021,14,234,2223,37.1,1551,25.9
Posen,5/16/2021,NA,NA,2328,38.9,1680,28.1
Posen,5/23/2021,NA,NA,2420,40.4,1756,29.3
Posen,5/30/2021,NA,NA,2501,41.8,1849,30.9
Posen,6/6/2021,NA,NA,2548,42.6,1906,31.8
Posen,6/13/2021,0,0,2617,43.7,1961,32.8
Prospect Heights,5/2/2021,15,92,7650,47.1,5452,33.5
Prospect Heights,5/9/2021,14,86,7948,48.9,5847,36
Prospect Heights,5/16/2021,8,49,8421,51.8,6352,39.1
Prospect Heights,5/23/2021,NA,NA,8699,53.5,6644,40.9
Prospect Heights,5/30/2021,NA,NA,8927,54.9,6879,42.3
Prospect Heights,6/6/2021,0,0,9126,56.1,7131,43.9
Prospect Heights,6/13/2021,0,0,9258,57,7334,45.1
Richton Park,5/2/2021,28,205,4621,33.9,3352,24.6
Richton Park,5/9/2021,14,103,4835,35.4,3663,26.8
Richton Park,5/16/2021,12,88,5032,36.9,3877,28.4
Richton Park,5/23/2021,9,66,5184,38,3989,29.2
Richton Park,5/30/2021,10,73,5316,39,4126,30.2
Richton Park,6/6/2021,NA,NA,5477,40.1,4249,31.1
Richton Park,6/13/2021,NA,NA,5558,40.7,4339,31.8
River Forest,5/2/2021,9,81,6911,61.9,5666,50.7
River Forest,5/9/2021,7,63,7291,65.3,5881,52.6
River Forest,5/16/2021,NA,NA,7613,68.1,6020,53.9
River Forest,5/23/2021,NA,NA,7717,69.1,6111,54.7
River Forest,5/30/2021,0,0,7825,70,6347,56.8
River Forest,6/6/2021,0,0,7897,70.7,6498,58.2
River Forest,6/13/2021,NA,NA,7966,71.3,6563,58.7
River Grove,5/2/2021,16,156,4029,39.4,2968,29
River Grove,5/9/2021,7,68,4215,41.2,3222,31.5
River Grove,5/16/2021,NA,NA,4404,43.1,3424,33.5
River Grove,5/23/2021,9,88,4553,44.5,3553,34.7
River Grove,5/30/2021,NA,NA,4663,45.6,3673,35.9
River Grove,6/6/2021,NA,NA,4762,46.6,3818,37.3
River Grove,6/13/2021,NA,NA,4827,47.2,3917,38.3
Riverdale,5/2/2021,26,192,2695,19.9,1881,13.9
Riverdale,5/9/2021,11,81,2843,21,2054,15.2
Riverdale,5/16/2021,11,81,2997,22.1,2182,16.1
Riverdale,5/23/2021,5,37,3113,23,2263,16.7
Riverdale,5/30/2021,7,52,3223,23.8,2359,17.4
Riverdale,6/6/2021,NA,NA,3311,24.4,2467,18.2
Riverdale,6/13/2021,NA,NA,3405,25.1,2550,18.8
Riverside,5/2/2021,8,90,6817,76.8,5324,60
Riverside,5/9/2021,9,101,7196,81.1,5625,63.4
Riverside,5/16/2021,8,90,7543,85,5872,66.2
Riverside,5/23/2021,NA,NA,7686,86.6,6000,67.6
Riverside,5/30/2021,NA,NA,7795,87.8,6256,70.5
Riverside,6/6/2021,NA,NA,7904,89.1,6454,72.7
Riverside,6/13/2021,0,0,7985,90,6574,74.1
Robbins,5/2/2021,6,112,1529,28.6,1117,20.9
Robbins,5/9/2021,9,169,1579,29.6,1187,22.2
Robbins,5/16/2021,5,94,1646,30.8,1257,23.6
Robbins,5/23/2021,NA,NA,1681,31.5,1304,24.4
Robbins,5/30/2021,NA,NA,1725,32.3,1342,25.1
Robbins,6/6/2021,NA,NA,1765,33.1,1382,25.9
Robbins,6/13/2021,NA,NA,1798,33.7,1417,26.6
Rolling Meadows,5/2/2021,24,100,11847,49.2,8497,35.3
Rolling Meadows,5/9/2021,27,112,12259,50.9,9198,38.2
Rolling Meadows,5/16/2021,7,29,12988,53.9,9976,41.4
Rolling Meadows,5/23/2021,8,33,13375,55.5,10361,43
Rolling Meadows,5/30/2021,5,21,13701,56.9,10626,44.1
Rolling Meadows,6/6/2021,NA,NA,13965,57.9,10977,45.5
Rolling Meadows,6/13/2021,NA,NA,14187,58.9,11283,46.8
Roselle,5/2/2021,6,161,2017,54.2,1524,40.9
Roselle,5/9/2021,9,242,2078,55.8,1634,43.9
Roselle,5/16/2021,NA,NA,2175,58.4,1719,46.2
Roselle,5/23/2021,0,0,2222,59.7,1769,47.5
Roselle,5/30/2021,NA,NA,2262,60.8,1805,48.5
Roselle,6/6/2021,0,0,2301,61.8,1867,50.1
Roselle,6/13/2021,0,0,2325,62.4,1901,51.1
Rosemont,5/2/2021,6,143,1741,41.4,1246,29.7
Rosemont,5/9/2021,0,0,1830,43.6,1346,32
Rosemont,5/16/2021,NA,NA,1909,45.4,1467,34.9
Rosemont,5/23/2021,NA,NA,1978,47.1,1543,36.7
Rosemont,5/30/2021,0,0,2053,48.9,1613,38.4
Rosemont,6/6/2021,0,0,2110,50.2,1664,39.6
Rosemont,6/13/2021,0,0,2169,51.6,1707,40.6
Sauk Village,5/2/2021,26,247,2260,21.5,1588,15.1
Sauk Village,5/9/2021,10,95,2374,22.6,1708,16.3
Sauk Village,5/16/2021,6,57,2500,23.8,1825,17.4
Sauk Village,5/23/2021,10,95,2601,24.8,1898,18.1
Sauk Village,5/30/2021,9,86,2737,26.1,1978,18.8
Sauk Village,6/6/2021,NA,NA,2817,26.8,2055,19.6
Sauk Village,6/13/2021,NA,NA,2899,27.6,2119,20.2
Schaumburg,5/2/2021,85,115,42801,57.7,30987,41.7
Schaumburg,5/9/2021,46,62,44328,59.7,33408,45
Schaumburg,5/16/2021,38,51,46348,62.4,35824,48.3
Schaumburg,5/23/2021,14,19,47516,64,36941,49.8
Schaumburg,5/30/2021,9,12,48678,65.6,37926,51.1
Schaumburg,6/6/2021,11,15,49438,66.6,38978,52.5
Schaumburg,6/13/2021,NA,NA,50039,67.4,39754,53.6
Schiller Park,5/2/2021,22,187,4337,36.8,3013,25.5
Schiller Park,5/9/2021,NA,NA,4562,38.7,3297,28
Schiller Park,5/16/2021,9,76,4894,41.5,3571,30.3
Schiller Park,5/23/2021,9,76,5105,43.3,3753,31.8
Schiller Park,5/30/2021,6,51,5247,44.5,3882,32.9
Schiller Park,6/6/2021,8,68,5399,45.8,4082,34.6
Schiller Park,6/13/2021,NA,NA,5556,47.1,4231,35.9
South Barrington,5/2/2021,NA,NA,2926,64.1,2372,52
South Barrington,5/9/2021,7,153,3006,65.8,2467,54
South Barrington,5/16/2021,0,0,3139,68.8,2557,56
South Barrington,5/23/2021,NA,NA,3192,69.9,2600,57
South Barrington,5/30/2021,NA,NA,3261,71.4,2656,58.2
South Barrington,6/6/2021,NA,NA,3296,72.2,2720,59.6
South Barrington,6/13/2021,NA,NA,3322,72.8,2768,60.6
South Chicago Heights,5/2/2021,5,121,1281,30.9,917,22.2
South Chicago Heights,5/9/2021,NA,NA,1331,32.2,1006,24.3
South Chicago Heights,5/16/2021,6,145,1389,33.6,1055,25.5
South Chicago Heights,5/23/2021,0,0,1458,35.2,1090,26.3
South Chicago Heights,5/30/2021,NA,NA,1501,36.3,1119,27
South Chicago Heights,6/6/2021,NA,NA,1547,37.4,1165,28.1
South Chicago Heights,6/13/2021,NA,NA,1577,38.1,1196,28.9
South Holland,5/2/2021,39,177,8821,40,6908,31.4
South Holl,5/9/2021,35,159,9144,41.5,7335,33.3
South Holl,5/16/2021,28,127,9500,43.1,7669,34.8
South Holl,5/23/2021,12,54,9730,44.2,7857,35.7
South Holl,5/30/2021,7,32,10013,45.5,8055,36.6
South Holl,6/6/2021,NA,NA,10211,46.4,8272,37.5
South Holl,6/13/2021,NA,NA,10361,47,8413,38.2
Steger,5/2/2021,5,122,1526,37.2,1151,28.1
Steger,5/9/2021,NA,NA,1556,37.9,1233,30.1
Steger,5/16/2021,NA,NA,1605,39.1,1290,31.4
Steger,5/23/2021,NA,NA,1648,40.2,1318,32.1
Steger,5/30/2021,NA,NA,1680,40.9,1342,32.7
Steger,6/6/2021,NA,NA,1704,41.5,1364,33.2
Steger,6/13/2021,0,0,1721,41.9,1393,34
Stone Park,5/2/2021,6,121,1760,35.6,1180,23.9
Stone Park,5/9/2021,NA,NA,1826,36.9,1295,26.2
Stone Park,5/16/2021,9,182,1966,39.7,1404,28.4
Stone Park,5/23/2021,NA,NA,2079,42,1488,30.1
Stone Park,5/30/2021,NA,NA,2134,43.1,1543,31.2
Stone Park,6/6/2021,NA,NA,2209,44.7,1613,32.6
Stone Park,6/13/2021,NA,NA,2260,45.7,1672,33.8
Streamwood,5/2/2021,50,125,19203,48.2,13400,33.6
Streamwood,5/9/2021,46,115,19939,50,14668,36.8
Streamwood,5/16/2021,31,78,20939,52.5,15849,39.8
Streamwood,5/23/2021,11,28,21654,54.3,16497,41.4
Streamwood,5/30/2021,NA,NA,22261,55.9,17054,42.8
Streamwood,6/6/2021,6,15,22769,57.1,17607,44.2
Streamwood,6/13/2021,NA,NA,23152,58.1,18049,45.3
Summit,5/2/2021,9,81,4564,41.3,2814,25.5
Summit,5/9/2021,10,90,4809,43.5,3341,30.2
Summit,5/16/2021,10,90,5120,46.3,3709,33.6
Summit,5/23/2021,5,45,5250,47.5,3857,34.9
Summit,5/30/2021,NA,NA,5365,48.5,3973,35.9
Summit,6/6/2021,NA,NA,5518,49.9,4144,37.5
Summit,6/13/2021,NA,NA,5632,50.9,4258,38.5
Thornton,5/2/2021,NA,NA,914,39.1,731,31.3
Thornton,5/9/2021,NA,NA,959,41,775,33.1
Thornton,5/16/2021,0,0,1003,42.9,815,34.9
Thornton,5/23/2021,NA,NA,1018,43.5,833,35.6
Thornton,5/30/2021,NA,NA,1047,44.8,864,37
Thornton,6/6/2021,0,0,1060,45.3,875,37.4
Thornton,6/13/2021,0,0,1075,46,894,38.2
Tinley Park,5/2/2021,55,112,27501,55.9,22100,44.9
Tinley Park,5/9/2021,28,57,28336,57.6,23439,47.6
Tinley Park,5/16/2021,39,79,29375,59.7,24343,49.4
Tinley Park,5/23/2021,14,28,29932,60.8,24835,50.4
Tinley Park,5/30/2021,10,20,30416,61.8,25320,51.4
Tinley Park,6/6/2021,5,10,30844,62.6,25835,52.5
Tinley Park,6/13/2021,12,24,31128,63.2,26272,53.4
University,5/2/2021,0,0,NA,NA,NA,NA
University,5/9/2021,0,0,41,15,NA,NA
University,5/16/2021,0,0,41,15,NA,NA
University,5/23/2021,NA,NA,41,15,NA,NA
University,5/30/2021,NA,NA,NA,NA,26,9.5
University,6/6/2021,0,0,NA,NA,26,9.5
University,6/13/2021,0,0,NA,NA,NA,NA
Westchester,5/2/2021,18,108,9786,58.5,7937,47.5
Westchester,5/9/2021,13,78,10046,60.1,8321,49.8
Westchester,5/16/2021,17,102,10411,62.3,8604,51.5
Westchester,5/23/2021,7,42,10604,63.4,8828,52.8
Westchester,5/30/2021,NA,NA,10756,64.3,8985,53.7
Westchester,6/6/2021,5,30,10937,65.4,9222,55.2
Westchester,6/13/2021,NA,NA,11067,66.2,9352,55.9
Western Springs,5/2/2021,10,77,8271,63.7,6738,51.9
Western Springs,5/9/2021,11,85,8497,65.5,7008,54
Western Springs,5/16/2021,8,62,8861,68.3,7242,55.8
Western Springs,5/23/2021,NA,NA,9071,69.9,7392,57
Western Springs,5/30/2021,0,0,9185,70.8,7520,58
Western Springs,6/6/2021,0,0,9316,71.8,7757,59.8
Western Springs,6/13/2021,NA,NA,9393,72.4,7914,61
Wheeling,5/2/2021,53,141,19511,51.8,13606,36.1
Wheeling,5/9/2021,35,93,20191,53.6,14596,38.8
Wheeling,5/16/2021,40,106,21462,57,15867,42.2
Wheeling,5/23/2021,11,29,22125,58.8,16688,44.3
Wheeling,5/30/2021,11,29,22689,60.3,17280,45.9
Wheeling,6/6/2021,10,27,23148,61.5,17971,47.7
Wheeling,6/13/2021,7,19,23486,62.4,18434,49
Willow Springs,5/2/2021,9,163,2577,46.7,2040,36.9
Willow Springs,5/9/2021,7,127,2654,48,2166,39.2
Willow Springs,5/16/2021,NA,NA,2741,49.6,2277,41.2
Willow Springs,5/23/2021,NA,NA,2806,50.8,2342,42.4
Willow Springs,5/30/2021,NA,NA,2871,52,2388,43.2
Willow Springs,6/6/2021,NA,NA,2914,52.8,2431,44
Willow Springs,6/13/2021,NA,NA,2950,53.4,2472,44.8
Wilmette,5/2/2021,10,37,17434,64.4,13909,51.3
Wilmette,5/9/2021,15,55,18520,68.4,14641,54.1
Wilmette,5/16/2021,18,66,19167,70.8,15107,55.8
Wilmette,5/23/2021,6,22,19451,71.8,15403,56.9
Wilmette,5/30/2021,NA,NA,19853,73.3,16128,59.5
Wilmette,6/6/2021,NA,NA,20098,74.2,16559,61.1
Wilmette,6/13/2021,0,0,20199,74.6,16736,61.8
Winnetka,5/2/2021,NA,NA,7910,64.9,6053,49.7
Winnetka,5/9/2021,9,74,8380,68.8,6390,52.4
Winnetka,5/16/2021,NA,NA,8725,71.6,6605,54.2
Winnetka,5/23/2021,0,0,8906,73.1,6761,55.5
Winnetka,5/30/2021,0,0,9119,74.8,7070,58
Winnetka,6/6/2021,NA,NA,9266,76,7317,60
Winnetka,6/13/2021,NA,NA,9330,76.6,7415,60.8
Worth,5/2/2021,9,83,3817,35.4,2726,25.3
Worth,5/9/2021,12,111,3982,36.9,2998,27.8
Worth,5/16/2021,11,102,4242,39.3,3208,29.7
Worth,5/23/2021,NA,NA,4394,40.7,3333,30.9
Worth,5/30/2021,NA,NA,4514,41.8,3425,31.7
Worth,6/6/2021,5,46,4642,43,3590,33.3
Worth,6/13/2021,NA,NA,4740,43.9,3692,34.2